Timestamp	TOTUSJH	TOTBSQ	TOTPOT	TOTUSJZ	ABSNJZH	SAVNCPP	USFLUX	TOTFZ	MEANPOT	EPSZ	MEANSHR	SHRGT45	MEANGAM	MEANGBT	MEANGBZ	MEANGBH	MEANJZH	TOTFY	MEANJZD	MEANALP	TOTFX	EPSY	EPSX	R_VALUE	CRVAL1	CRLN_OBS	CRLT_OBS	CRVAL2	HC_ANGLE	SPEI	LAT_MIN	LON_MIN	LAT_MAX	LON_MAX	QUALITY	BFLARE	BFLARE_LABEL	CFLARE	CFLARE_LABEL	MFLARE	MFLARE_LABEL	XFLARE	XFLARE_LABEL	BFLARE_LOC	BFLARE_LABEL_LOC	CFLARE_LOC	CFLARE_LABEL_LOC	MFLARE_LOC	MFLARE_LABEL_LOC	XFLARE_LOC	XFLARE_LABEL_LOC	XR_MAX	XR_QUAL	IS_TMFI
2010-08-06 08:36:00	1049.7606927154472	15971216184.6057	2.306059852052589e+23	22063591144887.49	130.68121529580083	3178608174955.061	1.89457803194383e+22	-7.457033229330611e+24	5491.910987587762	-0.3515729069488846	31.62469094788657	19.8526155987096	37.349963840934905	84.26045417835837	85.34489765909623	37.40743420053328	-0.00413312718374979	4.425115485903454e+23	-0.18568754662436746	-0.01210781271166185	2.759347605269425e+24	-0.0208628641863147	-0.1300935410950419	4.261204114853343	-13.827585	43.145164	6.141893	14.8585	57.401911702831754	True	7.2345130000000015	-61.56860699999999	21.04854	-44.776798	0.0	0.0	None	0.0	None	0.0	None	0.0	None	0.0	None	0.0	None	0.0	None	0.0	None	1.8846e-07	12	True
2010-08-06 08:48:00	1064.1561516927381	16033847113.8528	2.322072387777688e+23	22411592071371.42	133.54832367926778	2843185207541.8784	1.892379743361694e+22	-7.457130600637339e+24	5579.455271637678	-0.35020418635953504	31.610604916859003	19.5162422617908	37.242147918129156	84.95847198537862	86.10016242708849	37.83618342877352	-0.004261545844638069	4.818668413383369e+23	-0.1675783966294149	-0.012337615981030926	2.798081357553115e+24	-0.022629586920485032	-0.13140440441071569	4.304847636698628	-13.825006	43.035545	6.1418550000000005	14.8585	57.29154992484622	True	7.211564	-61.502022	21.043267999999998	-44.651348	0.0	0.0	None	0.0	None	0.0	None	0.0	None	0.0	None	0.0	None	0.0	None	0.0	None	2.0960999999999998e-07	12	True
2010-08-06 09:00:00	1065.0312813692808	16077075854.3583	2.319877896600099e+23	22454168898166.066	135.84505765978545	3249145642244.8887	1.894125778910243e+22	-7.511142390800729e+24	5623.349635584976	-0.35179225321153684	31.214514982608165	19.112155549832607	36.9962262975826	85.37541813235742	86.64058300632469	37.93732199390135	-0.004373211140578355	5.135332764878725e+23	-0.19319702803257952	-0.012501347401261886	2.829050435865697e+24	-0.024051871078363717	-0.13250155242712364	4.24051222431316	-13.822395000000002	42.92590300000001	6.1418040000000005	14.8585	57.18113994268278	True	7.186871000000001	-61.402729	21.039185999999997	-44.527522999999995	0.0	0.0	None	0.0	None	0.0	None	0.0	None	0.0	None	0.0	None	0.0	None	0.0	None	2.5455999999999997e-07	12	True
2010-08-06 09:12:00	1074.6212989481521	16095367498.2862	2.3236406619119855e+23	22593751986186.035	140.65735743660508	3358470222344.7607	1.899817619749802e+22	-7.545493973089863e+24	5629.208295610223	-0.35299949719615725	31.55714699293549	19.13969500032173	36.875910890512586	85.40289317362675	86.60753188115423	38.19136344800325	-0.004525800618958302	5.200121225930063e+23	-0.1995841816982668	-0.012918088176228238	2.8564347181193434e+24	-0.024327634276284333	-0.13363207536389698	4.305082772666832	-13.819864	42.816235	6.141742	14.8585	57.070788820388366	True	7.170089	-61.32626	21.045881	-44.403228999999996	0.0	0.0	None	0.0	None	0.0	None	0.0	None	0.0	None	0.0	None	0.0	None	0.0	None	2.5182e-07	12	True
2010-08-06 09:24:00	1093.6566525927628	16021803884.8947	2.3277864949652315e+23	22968582825554.58	132.54747314994196	3402963138733.335	1.877725045794918e+22	-7.448389298653081e+24	5757.998989189106	-0.3500566329632964	31.634164100108084	19.34561939489504	36.845480903547	86.56089662968004	87.6834522742064	38.89185781858953	-0.004354384794676149	5.420596939397303e+23	-0.2064892246562198	-0.012256075296172007	2.8657983644284173e+24	-0.025475520104725247	-0.13468572680337002	4.267085068405596	-13.817369	42.706532	6.141671	14.8585	56.960444270188	True	7.162087	-61.262154	21.033405	-44.279957	0.0	0.0	None	0.0	None	0.0	None	0.0	None	0.0	None	0.0	None	0.0	None	0.0	None	2.5421e-07	12	True
2010-08-06 09:36:00	1099.1151938135363	15915616280.5366	2.3233963166215085e+23	23052276879371.42	145.87327914548263	4207631615979.16	1.858542887636208e+22	-7.333069791421631e+24	5817.079324324366	-0.3469362532469295	31.638002352825733	19.707398171238577	36.953607464196494	86.56031881077887	87.77193951776032	38.85629937245369	-0.004850316846067585	5.668412828595085e+23	-0.2584264861800695	-0.013609282814076615	2.8514738091891866e+24	-0.02681793525148431	-0.13490661724631686	4.209634869157893	-13.814899	42.596802	6.141593	14.8585	56.85010318407484	True	7.142467999999999	-61.16603900000001	21.037292	-44.172432	0.0	0.0	None	0.0	None	0.0	None	0.0	None	0.0	None	0.0	None	0.0	None	0.0	None	2.4173000000000003e-07	12	True
2010-08-06 09:48:00	1089.812956961592	15741856389.5709	2.3033717108890047e+23	22684878477684.71	128.55487144321359	4521756216373.059	1.8304659866091872e+22	-7.207852566267925e+24	5885.933304503062	-0.3447761214085147	31.77665576854001	19.540502935487154	37.06220455870948	86.60479571346376	87.57054370807619	39.06583038026654	-0.0043628205879051645	5.484019838062435e+23	-0.2834539067123816	-0.012145514174323873	2.811651926968252e+24	-0.026231933465774442	-0.13449088160703326	4.222038276825589	-13.812454	42.487045	6.141508	14.8585	56.7397656028944	True	7.1202630000000005	-61.056812	21.037758	-44.049648	0.0	0.0	None	0.0	None	0.0	None	0.0	None	0.0	None	0.0	None	0.0	None	0.0	None	2.2076e-07	12	True
2010-08-06 10:00:00	1064.746367172443	15587660317.399004	2.277826875683366e+23	21774902217819.594	133.8878870052086	3784568145556.7344	1.8000738998668543e+22	-7.149288007657234e+24	6025.7636374299145	-0.3453577211535153	31.559193649536233	19.245362563237773	36.69723588447341	87.17651579156576	88.1631201411085	38.97400504993618	-0.004704258002361428	5.77981466782306e+23	-0.2456057430621569	-0.012769851469378184	2.77577065846878e+24	-0.02792031346661528	-0.13408801380316854	4.285351902490615	-13.810045	42.377254	6.141419	14.8585	56.629435198391455	True	7.100359	-61.037147999999995	21.024864	-43.931595	0.0	0.0	None	0.0	None	0.0	None	0.0	None	0.0	None	0.0	None	0.0	None	0.0	None	2.1323e-07	12	True
2010-08-06 10:12:00	1049.1282374411437	15456654478.499804	2.265083411227e+23	21529890368569.945	128.1932500651767	5537717334253.388	1.775447606818697e+22	-7.044832976248543e+24	6080.7083370260925	-0.34319626923801577	31.55349751232327	19.330457413811548	36.797243576241314	87.4405627301441	88.5512245568275	39.22920831662348	-0.0045704952247995105	5.793881915196205e+23	-0.3647025555133019	-0.012349477956975014	2.7303722117544314e+24	-0.02822549043256118	-0.1330128847432608	4.252523541291545	-13.807674	42.267426	6.1413269999999995	14.8585	56.519110922867185	True	7.103984	-60.971275	21.024662	-43.821865	0.0	0.0	None	0.0	None	0.0	None	0.0	None	0.0	None	0.0	None	0.0	None	0.0	None	2.0173e-07	12	True
2010-08-06 10:24:00	1046.7831524084286	15294159313.2601	2.2465962302919136e+23	21159720702516.574	127.45225149968685	5095060604970.097	1.7413929886467286e+22	-6.929322139515553e+24	6219.327829064232	-0.3411555728619188	31.599543918463425	19.084558823529417	36.84850048566153	87.23128365686901	88.53353332778534	39.477728750943	-0.004685916816783221	5.621222053377869e+23	-0.34602978044909466	-0.012428051663576987	2.6661236498816184e+24	-0.02767530778902784	-0.13126290317910713	4.25702990308372	-13.805336	42.157566	6.141235	14.8585	56.4087925069815	True	7.088058999999999	-60.910385	21.016426	-43.707073	0.0	0.0	None	0.0	None	0.0	None	0.0	None	0.0	None	0.0	None	0.0	None	0.0	None	1.9182000000000006e-07	12	True
2010-08-06 10:36:00	1032.0574820783409	15099947499.0765	2.2220066242396263e+23	20428895640391.42	124.16450808838184	5567592392860.088	1.7001871804640732e+22	-6.818637721256964e+24	6427.001945779492	-0.3400239278174651	31.38172549769388	19.164137825068185	36.53041858288977	88.46325341078034	89.80016027779598	39.682360593136	-0.004770054094828346	5.732254464939477e+23	-0.3950792816399456	-0.012274163768610891	2.6182615078972727e+24	-0.02858494259552216	-0.13056443212888494	4.271140370068024	-13.80303	42.047668	6.1411440000000015	14.8585	56.298472998194256	True	7.087880999999999	-60.848537	21.016132	-43.591667	0.0	0.0	None	0.0	None	0.0	None	0.0	None	0.0	None	0.0	None	0.0	None	0.0	None	1.7965e-07	12	True
2010-08-06 10:48:00	1016.3565142761513	14942978177.4888	2.203180585629528e+23	20040524953033.336	126.585366143723	5042378751965.816	1.6776006237240085e+22	-6.709720340403858e+24	6452.607610173877	-0.33810725805866465	31.366676913910656	19.319330999611047	36.51250205239827	88.2638338093894	89.76815507880247	39.595237680179245	-0.0049237763485053074	5.804502788604506e+23	-0.3623120501198749	-0.012661507284870541	2.55495470783757e+24	-0.02924927452536445	-0.12874586225735934	4.2843233168366055	-13.800768	41.937733	6.141056	14.8585	56.188165005462466	True	7.076281	-60.747925	21.011585	-43.476013	0.0	0.0	None	0.0	None	0.0	None	0.0	None	0.0	None	0.0	None	0.0	None	0.0	None	1.7324e-07	12	True
2010-08-06 11:00:00	1019.1029014884482	14853215672.5135	2.190659595007861e+23	19917860432681.05	124.67735285498458	5411090367645.25	1.6618203720498566e+22	-6.679777657943008e+24	6508.849059383198	-0.3386326626954274	31.32810889174211	19.721422088939747	36.603769221819284	88.63891312018059	90.2333178673322	39.78784794254927	-0.004919597240065681	5.845982321297001e+23	-0.3944436866882317	-0.012541100948472095	2.5517248694526266e+24	-0.029636324154849437	-0.1293602019793841	4.2977424716163615	-13.798538	41.827763	6.1409720000000005	14.8585	56.07785862229419	True	7.076286	-60.656647	21.003807000000002	-43.365776000000004	0.0	0.0	None	0.0	None	0.0	None	0.0	None	0.0	None	0.0	None	0.0	None	0.0	None	1.6368e-07	12	True
2010-08-06 11:12:00	1019.9464825360437	14818962455.2727	2.203301379168984e+23	19712295080363.08	129.68590140489226	5206042462172.672	1.6563243547797253e+22	-6.56864570105869e+24	6547.443234580037	-0.3337684999558682	31.38631544298432	19.98500335451281	36.686977197626035	88.7417059450318	90.49205368813854	39.729264722277435	-0.005118237485393175	5.5403746278651176e+23	-0.3795644751808125	-0.013122802810858406	2.5279235071850813e+24	-0.028151960280610813	-0.12844980158700806	4.324305006862323	-13.796345	41.717754	6.140893	14.8585	55.967554756932536	True	7.0575589999999995	-60.57719399999999	21.004204	-43.2533	0.0	0.0	None	0.0	None	0.0	None	0.0	None	0.0	None	0.0	None	0.0	None	0.0	None	1.5402999999999998e-07	12	True
2010-08-06 11:24:00	1008.2213549864728	14783765350.41	2.21346869705818e+23	19429593854262.67	123.2439010461932	3830627058723.904	1.6443589489910669e+22	-6.463794469082564e+24	6635.0021178214465	-0.3292227165918741	31.53852820312959	20.314490445859875	36.7527511637188	88.36167219772776	89.93188395121933	39.67779012899194	-0.004906401570372754	5.63606130154995e+23	-0.2817260302880568	-0.012543323313971427	2.5273868399945744e+24	-0.02870634921097624	-0.12872828263978914	4.308982827344573	-13.794188	41.607712	6.140823	14.8585	55.85725793634515	True	7.038059	-60.514423	20.991442000000006	-43.143105	0.0	0.0	None	0.0	None	0.0	None	0.0	None	0.0	None	0.0	None	0.0	None	0.0	None	1.4943e-07	12	True
2010-08-06 11:36:00	1000.9910291509776	14708245637.9693	2.200334173073223e+23	19183134015448.58	134.3509706339471	4426981565047.321	1.6258802439454034e+22	-6.435474588830252e+24	6743.5475961041175	-0.32946324312466	31.527019235926343	20.586918474500386	36.667276887644576	89.35565427921665	90.73023314137916	40.0472462956495	-0.005468535112094882	5.459857528391985e+23	-0.3328944929283028	-0.01374148269489177	2.5022084289151344e+24	-0.02795166608884984	-0.12810021896366242	4.280078201597285	-13.792074	41.497627	6.140763	14.8585	55.7469651288029	True	7.0176490000000005	-60.452369999999995	20.990229	-43.028228999999996	0.0	0.0	None	0.0	None	0.0	None	0.0	None	0.0	None	0.0	None	0.0	None	0.0	None	1.4669e-07	12	True
2010-08-06 11:48:00	994.919345970866	14629417680.287	2.196919311073832e+23	19017681226734.195	127.97721107009927	4359619113745.984	1.6135437225376224e+22	-6.338023561463681e+24	6779.440011014947	-0.32622267949950096	31.552947124699912	20.720462276136228	36.900271503765396	89.8533982646623	90.91826816241995	40.20924136266397	-0.005244752717925466	5.473497441248627e+23	-0.33009377264306144	-0.013192258339083216	2.477797236209875e+24	-0.02817248917114208	-0.12753402473407252	4.28092072363877	-13.789997	41.387505	6.140713	14.8585	55.63667635542007	True	7.001531	-60.377171	20.989689000000002	-42.913731	0.0	0.0	None	0.0	None	0.0	None	0.0	None	0.0	None	0.0	None	0.0	None	0.0	None	1.5085e-07	12	True
2010-08-06 12:00:00	979.1205552489432	14526117694.317404	2.175383703853478e+23	18545027270455.0	133.85848235764593	4810601503744.722	1.6011783667194792e+22	-6.315450089683456e+24	6784.719999877334	-0.3273723844298278	31.226263616942767	20.00165679493021	36.66272493184057	90.07698494160653	91.42191812974087	40.30616524841989	-0.0055448607082409975	5.200666779199764e+23	-0.3681414343099327	-0.01388492610756986	2.45376481479772e+24	-0.026958564472115955	-0.12719518432463886	4.249319310147048	-13.787954	41.277344	6.1406769999999975	14.8585	55.52638630159972	True	7.001003999999999	-60.2836	20.980923	-42.807709	0.0	0.0	None	0.0	None	0.0	None	0.0	None	0.0	None	0.0	None	0.0	None	0.0	None	1.5110999999999998e-07	12	True
2010-08-06 12:12:00	979.3012303012758	14555231483.2919	2.178198998637715e+23	18677875511038.22	133.96082964048472	4652057831988.924	1.6081898030363797e+22	-6.347585679346059e+24	6728.013416064628	-0.32838009363997456	31.559313087404536	20.63746000492247	36.72901621894001	89.83590639970987	91.26057225516058	40.06600398186917	-0.005495152581855965	5.126458772507944e+23	-0.3525851869877633	-0.013856908478178102	2.450943638635436e+24	-0.026520745001287763	-0.1267948385762192	4.252413373901537	-13.785959	41.167141	6.1406550000000015	14.8585	55.41610579628298	True	6.985987	-60.214199	20.989777	-42.690914	0.0	0.0	None	0.0	None	0.0	None	0.0	None	0.0	None	0.0	None	0.0	None	0.0	None	1.474e-07	12	True
2010-08-06 12:24:00	951.820291058442	14471638280.322304	2.159497128245664e+23	17960902642251.92	130.62287892348218	4468427244062.783	1.6005637534545309e+22	-6.34108221110787e+24	6706.007261385847	-0.3299385009474933	31.339942313045864	20.302705377763115	36.67976135388325	89.29333411039026	90.6918536852257	39.44267619591411	-0.00538695475599976	5.2062276593298704e+23	-0.34049154586255936	-0.013573754480499843	2.4433732426808434e+24	-0.02708898721580465	-0.127133331205382	4.242949006963868	-13.783993	41.056908	6.1406480000000006	14.8585	55.30582786890285	True	6.970025	-60.151901	20.989667999999998	-42.579727	0.0	0.0	None	0.0	None	0.0	None	0.0	None	0.0	None	0.0	None	0.0	None	0.0	None	1.6767e-07	12	True
2010-08-06 12:36:00	945.6038357645616	14416892845.4534	2.160309043722072e+23	17993698180624.074	137.07811607012147	4774564248279.656	1.5934227872785992e+22	-6.257536144317668e+24	6690.04417202338	-0.32682786108210243	31.5123896764804	20.76907258893687	36.921096110979796	88.49941820127623	89.89008211589254	39.412748623359775	-0.005637594738643696	5.24703761592598e+23	-0.36282553851361904	-0.01433216732531816	2.41827636215926e+24	-0.02740500480508875	-0.1263053177355799	4.199700585612509	-13.78207	40.946629	6.140658999999999	14.8585	55.19555024949265	True	6.946922	-60.08854300000001	20.981503	-42.469627	0.0	0.0	None	0.0	None	0.0	None	0.0	None	0.0	None	0.0	None	0.0	None	0.0	None	1.4641999999999998e-07	12	True
2010-08-06 12:48:00	948.0132812414143	14411126305.4819	2.173215858195109e+23	18179393838450.64	142.85644094772832	3439590773908.848	1.5933596000320802e+22	-6.187549069938095e+24	6676.468480152757	-0.3233016941319009	31.708315513834556	20.79559363525092	37.140380589846956	88.8980223786733	90.07191640373856	39.47028296779608	-0.005828496162698014	5.340757754741528e+23	-0.2593060226599861	-0.014982111634558934	2.4377995590078505e+24	-0.027905653927578444	-0.1273759154833053	4.1842700110699775	-13.780188	40.836311	6.140689	14.8585	55.085277756812324	True	6.926958	-59.999039	20.990015	-42.350414	0.0	0.0	None	0.0	None	0.0	None	0.0	None	0.0	None	0.0	None	0.0	None	0.0	None	1.3576e-07	12	True
2010-08-06 13:00:00	938.322414251752	14412689859.5648	2.186264988124016e+23	17877248595435.492	129.50604001423977	4750106092078.889	1.5795988584765942e+22	-6.140894543933111e+24	6802.0346093219505	-0.3208292028153741	32.000577298878056	21.473431947772912	37.2326291052873	89.31101784691037	90.51398201517394	39.326328611184465	-0.005351268130004536	5.303371427006862e+23	-0.362670499704672	-0.013606107117372498	2.432727051303469e+24	-0.02770730575143024	-0.127097098794535	4.187692269684932	-13.778349	40.725952	6.140739	14.8585	54.97501029347708	True	6.931353	-59.88855699999999	20.999662	-42.240025	0.0	0.0	None	0.0	None	0.0	None	0.0	None	0.0	None	0.0	None	0.0	None	0.0	None	1.405e-07	12	True
2010-08-06 13:12:00	958.6698381501207	14373414926.631304	2.178074040266313e+23	18344086471323.094	135.85829987429747	4267535788748.5234	1.5768078673940922e+22	-6.123327760571815e+24	6790.298620972884	-0.3207855965356404	31.86098721841618	21.243737837949734	37.177842210235035	89.62325185445873	90.70205016107307	39.863739313282096	-0.005625136629442592	5.524399379782528e+23	-0.3264956226824769	-0.014313203623799196	2.4294123158582334e+24	-0.028940925912141136	-0.12727074385788548	4.18088298255454	-13.776542999999998	40.61555900000001	6.140811	14.8585	54.86474470455267	True	6.915208	-59.79821800000001	20.986599	-42.125599	0.0	0.0	None	0.0	None	0.0	None	0.0	None	0.0	None	0.0	None	0.0	None	0.0	None	1.3807e-07	12	True
2010-08-06 13:24:00	942.823438607259	14325316496.2052	2.170426719463971e+23	17886347483790.766	135.78767478647865	4807599827256.898	1.5682199202977337e+22	-6.10800724169074e+24	6810.446321232931	-0.3210574233695674	31.88299314585445	20.93178313955913	37.27397269717339	88.98058589930397	90.19492086033043	39.292740843638576	-0.005658527098657276	5.456007337063247e+23	-0.3702148529299473	-0.01435041384231773	2.403601002794472e+24	-0.02867861134097313	-0.1263413604847153	4.199747290917884	-13.774715	40.505135	6.140905	14.8585	54.754429900196754	True	6.909922	-59.686161	20.984629	-42.015923	0.0	0.0	None	0.0	None	0.0	None	0.0	None	0.0	None	0.0	None	0.0	None	0.0	None	1.5056e-07	12	True
2010-08-06 13:36:00	936.6357336285408	14325936382.8505	2.187427250681583e+23	17767459307357.215	138.81678579755794	4826821285630.688	1.5605555117930106e+22	-6.047134377947836e+24	6907.253045007346	-0.3178439060406246	32.21351014678063	21.550784198607737	37.41995679362782	89.9921673839377	90.99265537388992	39.68293259197785	-0.005821630773644703	5.727639511844082e+23	-0.3740582151800122	-0.014706875493392918	2.400547042362184e+24	-0.030105091123424736	-0.12617534205310613	4.1806313530612655	-13.772985	40.394665	6.141025	14.8585	54.64416863059795	True	6.900894	-59.580399	20.993557	-41.906101	0.0	0.0	None	0.0	None	0.0	None	0.0	None	0.0	None	0.0	None	0.0	None	0.0	None	1.4519e-07	12	True
2010-08-06 13:48:00	938.2934269231224	14275696644.6629	2.1767786739104923e+23	17799766417610.21	135.3613268300038	4486338132393.81	1.5549067458107243e+22	-6.048972431877871e+24	6898.798575787566	-0.3190594726896466	32.06491865595842	21.37295340712993	37.34743845974017	89.74359131498136	90.86611526458971	39.49386421381284	-0.005697505127957059	5.334208386319107e+23	-0.34895431217800105	-0.014377203968681097	2.3917658065780464e+24	-0.028135848429173767	-0.1261562266381521	4.1670341660400725	-13.77129	40.284161	6.1411690000000005	14.8585	54.53391099928287	True	6.894102	-59.475277	20.998028	-41.792511	0.0	0.0	None	0.0	None	0.0	None	0.0	None	0.0	None	0.0	None	0.0	None	0.0	None	1.3756e-07	12	True
2010-08-06 14:00:00	937.144766596028	14216587104.2101	2.1773099053527462e+23	17682828826469.902	139.22481298488498	3733286002475.2607	1.5385746608682007e+22	-5.954327775228922e+24	7017.4450980993615	-0.3153731907392842	31.97243302660175	21.43560330437016	37.321761238455316	90.05909715437097	91.11606257093888	39.561805924437905	-0.005959201000936737	5.37114158830089e+23	-0.2953102540523192	-0.01489026073573698	2.3589054347271388e+24	-0.028448451690246325	-0.12494030588927975	4.137484803185371	-13.769623	40.173626	6.141339	14.8585	54.423652861237	True	6.8913899999999995	-59.36824	20.988764	-41.683116999999996	0.0	0.0	None	0.0	None	0.0	None	0.0	None	0.0	None	0.0	None	0.0	None	0.0	None	1.3289000000000002e-07	12	True
2010-08-06 14:12:00	931.9109944908188	14201185514.5526	2.1879237490551467e+23	17706283560633.695	149.2099026968079	4108566212495.462	1.5361858998392955e+22	-5.889350126339617e+24	7029.087392933259	-0.31226987104210857	32.07241812942613	21.388343715334074	37.36865231603481	90.08425617031168	90.8992153072926	39.70906333011847	-0.006366424998797111	5.628180223027453e+23	-0.3239638837361972	-0.016016099750884527	2.3522088410159663e+24	-0.029842190984472286	-0.12472071377842993	4.108615796497136	-13.767945999999998	40.063053	6.1415370000000005	14.8585	54.31334978884741	True	6.884398	-59.27565	20.988514000000002	-41.574141999999995	0.0	0.0	None	0.0	None	0.0	None	0.0	None	0.0	None	0.0	None	0.0	None	0.0	None	1.3268e-07	12	True
2010-08-06 14:24:00	936.9512652717103	14188372053.3734	2.1810695511684603e+23	17737746343956.14	146.34295226651008	4338235188682.368	1.5354761006480588e+22	-5.895874732686644e+24	6997.515355446744	-0.31289823573619	32.1025972285871	21.43161482743929	37.500639543171296	89.32965821242166	90.5109849303808	39.441052718427336	-0.006235585336678601	5.6804625614797616e+23	-0.34161580347656817	-0.015712242554109985	2.3434052697409355e+24	-0.03014661596859545	-0.12436617258024775	4.0850583670440175	-13.766352	39.95245	6.141762	14.8585	54.203101120281204	True	6.881964	-59.156482999999994	20.992971	-41.466972	0.0	0.0	None	0.0	None	0.0	None	0.0	None	0.0	None	0.0	None	0.0	None	0.0	None	1.3072000000000002e-07	12	True
2010-08-06 14:36:00	931.4407530508344	14139725779.7784	2.174611216130397e+23	17557672174723.545	142.66262682808144	4181220590241.7954	1.5243252775317796e+22	-5.879066004536228e+24	7082.411083920633	-0.3130795392359708	31.948013767963342	21.219723183391004	37.218159777249376	90.21312067136392	91.11675944592942	39.994142286563935	-0.006170795744975191	5.713885820142726e+23	-0.33424426067240154	-0.015367675833836213	2.333154581616336e+24	-0.030428315287444205	-0.12424813070904785	4.082069170904755	-13.76479	39.841812	6.142017	14.8585	54.09285150452507	True	6.879097	-59.049587	20.997738000000002	-41.356617	0.0	0.0	None	0.0	None	0.0	None	0.0	None	0.0	None	0.0	None	0.0	None	0.0	None	1.3147e-07	12	True
2010-08-06 14:48:00	923.2821940507193	14128828242.179296	2.165662602887804e+23	17461797008838.664	141.69939169973293	3503969733771.541	1.5190052223552747e+22	-5.894510047294828e+24	7113.570906341543	-0.31414404689498066	31.8201248282652	20.951840865468505	37.1880739443293	90.80351869549385	91.712821681874	40.47528754962849	-0.0061812681774442895	5.721769296873787e+23	-0.282507056505779	-0.015263314884276409	2.3350208169933048e+24	-0.030493794189803594	-0.12444340295440527	4.092404082639241	-13.763254000000002	39.731144	6.142303	14.8585	53.982599845140285	True	6.8805570000000005	-58.941113	20.990323999999998	-41.247966999999996	0.0	0.0	None	0.0	None	0.0	None	0.0	None	0.0	None	0.0	None	0.0	None	0.0	None	1.3619e-07	12	True
2010-08-06 15:00:00	922.1508209280494	14122755453.5677	2.169692610259734e+23	17355287535412.596	141.06762851030385	3639457159995.457	1.515606148458114e+22	-5.868585180191827e+24	7152.080242267534	-0.3128969154162035	31.875406707099852	21.153088473492968	37.24661417332136	90.57054274610078	91.7110931766255	40.04231317954506	-0.0061755298564244564	5.669328367877869e+23	-0.2944783793332009	-0.015216238056125882	2.336778853694608e+24	-0.030227308700878062	-0.12459065905676345	4.1092934270123385	-13.761751	39.620449	6.142618	14.8585	53.87235618459139	True	6.877425	-58.837437	21.091181	-41.140511	0.0	0.0	None	0.0	None	0.0	None	0.0	None	0.0	None	0.0	None	0.0	None	0.0	None	1.3819e-07	12	True
2010-08-06 15:12:00	915.7378430144097	14052623950.5529	2.1745071539947894e+23	17350594881838.54	143.26279041731448	3737979496830.0176	1.4986606111569081e+22	-5.765558928239244e+24	7225.839497207111	-0.3089380251281461	32.42131567166496	21.941747572815533	37.69144322157249	90.38279310179752	91.21431615386277	40.38571234152139	-0.006322276717445475	5.471355970779677e+23	-0.3048999640885341	-0.015577110210985191	2.3294873719899407e+24	-0.02931736418661445	-0.12482176268091813	4.081409310599416	-13.760277	39.509724	6.142965	14.8585	53.76211330799754	True	6.876709	-58.717525	21.103275	-41.032135	0.0	0.0	None	0.0	None	0.0	None	0.0	None	0.0	None	0.0	None	0.0	None	0.0	None	1.3527000000000002e-07	12	True
2010-08-06 15:24:00	917.6801889842087	14135430107.3366	2.199122252553515e+23	17544984070441.988	140.73012685072842	3371781660468.838	1.5100904906276066e+22	-5.744828829972863e+24	7214.035321492234	-0.30602389200589125	32.476987030679695	21.939531236385807	37.78855718589336	91.13353948222023	91.81615547561458	40.682626687686174	-0.006130963093610196	5.466026813504795e+23	-0.27151351937471463	-0.015246035453735002	2.3401962487703288e+24	-0.029117226096450968	-0.12466097516602005	4.121544797347951	-13.758823	39.398975	6.143344	14.8585	53.65186826355772	True	6.877547	-58.600758	21.112602	-40.925957000000004	0.0	0.0	None	0.0	None	0.0	None	0.0	None	0.0	None	0.0	None	0.0	None	0.0	None	3.5141e-07	12	True
2010-08-06 15:36:00	925.0866449562559	14156887601.6437	2.198311737945872e+23	17546218549303.047	141.77681211178978	4694725629891.697	1.509440820782058e+22	-5.796178796475351e+24	7241.981322199905	-0.3082913501036317	32.569269879908546	21.840136500853127	37.714945092672075	91.13848786494322	92.00387882604505	40.4921366390776	-0.006203588523312758	5.680310737739091e+23	-0.3796569483153807	-0.01530970549154095	2.354151549349929e+24	-0.03021284759901881	-0.12521431532425853	4.105330554780555	-13.757399	39.2882	6.143754	14.8585	53.541629016463226	True	6.877796000000001	-58.492764	21.191572	-40.817146	0.0	0.0	None	0.0	None	0.0	None	0.0	None	0.0	None	0.0	None	0.0	None	0.0	None	2.9482e-07	12	True
2010-08-06 15:48:00	927.3654909721613	14102831975.3582	2.1897415762871764e+23	17825169149361.86	142.37716286966563	3723171477505.0586	1.5121146471096745e+22	-5.792438831187219e+24	7136.936781933174	-0.3092733426586839	32.697014673528074	21.702809158983683	37.678025970986965	90.94793678710032	91.79990186759129	40.489807712669844	-0.0061627131917788005	5.9861402849353433e+23	-0.2978891338678725	-0.015421750513807281	2.3630376488897169e+24	-0.03196155659992194	-0.12616871300661628	4.078259467115439	-13.755999	39.177402	6.144197	14.8585	53.43139238860503	True	6.876941	-58.374348	21.203348000000002	-40.715031	0.0	0.0	None	0.0	None	0.0	None	0.0	None	0.0	None	0.0	None	0.0	None	0.0	None	2.9403000000000005e-07	12	True
2010-08-06 16:00:00	931.7485997150355	14121547046.7711	2.1926369132112802e+23	18042669003440.08	131.0168854680897	4013629581924.604	1.5203114664679552e+22	-5.803192574532985e+24	7107.914276471855	-0.3094368154302641	32.52456474643943	21.573101429309453	37.489959134245794	91.05436618692444	92.11224770062069	40.46305160474	-0.005640472079735219	5.719961304881243e+23	-0.3194072110532194	-0.014170671890496962	2.3927507485031624e+24	-0.0304998772285138	-0.1275858352494504	4.132350100986542	-13.75462	39.066582	6.144674	14.8585	53.321156295108366	True	6.877377	-58.25719100000001	21.234415	-40.60831500000001	0.0	0.0	None	0.0	None	0.0	None	0.0	None	0.0	None	0.0	None	0.0	None	0.0	None	4.671500000000001e-07	12	True
2010-08-06 16:12:00	934.6096305494807	14187426369.2785	2.2131876926953043e+23	18385763061976.57	130.15901764306716	3654043091520.288	1.5342589803388958e+22	-5.785128096813404e+24	7036.103123463779	-0.30704123036996106	32.57969159545562	21.431285623812546	37.57122893360065	90.4645716510808	91.46304138668684	40.41469339900826	-0.005495419786492175	5.863223992504937e+23	-0.2851862593593998	-0.014038197550891788	2.3921775293917963e+24	-0.031118611005087605	-0.12696298501884692	4.119502781415655	-13.753258	38.955742	6.145183	14.8585	53.210918993603414	True	6.881191	-58.152168	21.265589000000002	-40.501125	0.0	0.0	None	0.0	None	0.0	None	0.0	None	0.0	None	0.0	None	0.0	None	0.0	None	4.0915e-07	12	True
2010-08-06 16:24:00	945.9642907741272	14198190871.2912	2.223718573213053e+23	18671697114908.48	129.8917581815837	5265109838338.326	1.5286803390661233e+22	-5.745799459701356e+24	7125.844216658401	-0.3047227321709151	32.63843573566528	21.563537322325306	37.66941422550807	91.45573158834257	92.3383654280924	40.861468234896606	-0.005528249837486539	5.6920132213997e+23	-0.4142033400850296	-0.014024258510016737	2.42030168658719e+24	-0.03018702327748905	-0.12835828117347065	4.166787027572019	-13.751913	38.844887	6.145725	14.8585	53.100685273925	True	6.883749000000001	-58.034115	21.277901	-40.39378	0.0	0.0	None	0.0	None	0.0	None	0.0	None	0.0	None	0.0	None	0.0	None	0.0	None	2.6296e-07	12	True
2010-08-06 16:36:00	948.4068507538507	14262638651.7916	2.2320817633211343e+23	18761556212110.15	129.96347083236884	4931791720905.963	1.5438198639975236e+22	-5.788103216585461e+24	7025.867982436089	-0.3055791789221502	32.5902536255321	21.54502131928768	37.68658161182956	91.01755934273628	92.01016595599764	40.37325020626317	-0.005432801221986826	5.674399779233636e+23	-0.38111197384979534	-0.013958803769305295	2.457924403313878e+24	-0.02995762792283376	-0.12976453475555969	4.1519650592361135	-13.750587	38.734013	6.1463	14.8585	52.99045316578597	True	6.880877000000001	-57.917988	21.286655	-40.287525	0.0	0.0	None	0.0	None	0.0	None	0.0	None	0.0	None	0.0	None	0.0	None	0.0	None	1.9262000000000001e-07	12	True
2010-08-06 16:48:00	973.7653249004236	14345028894.9226	2.245907148299783e+23	19515305369296.84	116.1066033849674	5857094996432.361	1.569731906699228e+22	-5.809009977017472e+24	6853.650683246025	-0.304921483811302	32.487881952643264	20.96859169199595	37.565554442057106	90.9949818288644	91.73076662987663	40.34970159733293	-0.004705625491811922	5.9911224753367526e+23	-0.4388118613677055	-0.012405447119496312	2.4796515431538394e+24	-0.03144807741943095	-0.1301597055031498	4.1314855926197085	-13.749275	38.623123	6.146907	14.8585	52.8802208153683	True	6.887069	-57.802292	21.29451	-40.181564	0.0	0.0	None	0.0	None	0.0	None	0.0	None	0.0	None	0.0	None	0.0	None	0.0	None	1.5925999999999998e-07	12	True
2010-08-06 17:00:00	970.3853717864956	14433289342.9058	2.275845764380542e+23	19826598102858.594	129.71463583097793	4142092367916.6035	1.5857670556051048e+22	-5.788654391884064e+24	6770.233632471352	-0.3019948900835285	32.88043593069222	21.365360303413397	37.704247491759894	89.94855154819105	90.15917456702411	40.11950020090757	-0.005124832516730985	5.852941969417343e+23	-0.30251998872535635	-0.013805509366593098	2.5243644031683194e+24	-0.030534878178211024	-0.13169643562317834	4.143667008552025	-13.747979999999998	38.512218	6.1475480000000005	14.8585	52.76999191236565	True	6.884216	-57.68362800000001	21.334158	-40.076904	0.0	0.0	None	0.0	None	0.0	None	0.0	None	0.0	None	0.0	None	0.0	None	0.0	None	1.4020999999999998e-07	12	True
2010-08-06 17:12:00	971.9779343028767	14562235846.429804	2.293141798417524e+23	19988917542833.203	125.93768682648884	3055437731322.4385	1.6083108386767674e+22	-5.84435627600689e+24	6651.151296468998	-0.3022010410637538	32.74996820516182	20.977620276568697	37.72850039818055	90.076626742238	90.56100847641243	40.31759164899223	-0.0048510337362385435	5.805505477287073e+23	-0.21758048946063435	-0.013282493407851393	2.532752593918113e+24	-0.03001921368722885	-0.13096403341822455	4.148254974566949	-13.746691	38.40131	6.1482209999999995	14.8585	52.65976766455623	True	6.883722	-57.568709999999996	21.408742999999998	-39.972744	0.0	0.0	None	0.0	None	0.0	None	0.0	None	0.0	None	0.0	None	0.0	None	0.0	None	1.4846e-07	12	True
2010-08-06 17:24:00	976.9359262495719	14615867411.257	2.2951407142742285e+23	20554966837147.85	129.6194310701694	3376844349938.04	1.6353011296853947e+22	-5.911306530045944e+24	6439.175915079492	-0.30454129401142344	32.60616664365353	20.541003763180445	37.622664045208225	89.7130802786412	90.0768159087188	39.86657914402707	-0.004829517905665987	5.737056248490226e+23	-0.2326051404493861	-0.013596204278782059	2.580933250808249e+24	-0.029556419124114625	-0.13296565623237014	4.161539476741078	-13.745415	38.290386	6.148926	14.8585	52.54954217710446	True	6.882078	-57.455082	21.422749	-39.862598	0.0	0.0	None	0.0	None	0.0	None	0.0	None	0.0	None	0.0	None	0.0	None	0.0	None	1.6961e-07	12	True
2010-08-06 17:36:00	972.1921333507744	14566210643.9826	2.292432323375754e+23	20535986819279.977	133.0003768049655	2790538861395.052	1.6353313548729118e+22	-5.869046679546015e+24	6365.8767599722705	-0.3033949209673037	32.781830143615686	20.91753946009736	37.93376059933382	89.09133168784473	89.4273098588404	39.69039678515579	-0.004905409833104618	5.7318659204941666e+23	-0.19025817191326205	-0.014011334354945426	2.5761657843236835e+24	-0.02963034889472078	-0.13317249925059624	4.1895759424103085	-13.744132999999998	38.179466	6.149662	14.8585	52.439316545433854	True	6.8832759999999995	-57.339687	21.432146	-39.761517	0.0	0.0	None	0.0	None	0.0	None	0.0	None	0.0	None	0.0	None	0.0	None	0.0	None	1.8384e-07	12	True
2010-08-06 17:48:00	956.4654853131826	14539137905.951	2.277908101519732e+23	20044844935892.39	138.40759181015017	2368423534928.8457	1.6288516154174495e+22	-5.912671597243707e+24	6414.490472102415	-0.3062192371134116	32.600868092802216	20.51608077786088	37.654774471046	90.10457118399016	90.20530881198317	39.79409421206845	-0.005176244130676172	5.656834400951255e+23	-0.16375126411258342	-0.014576412417459553	2.5483127159667186e+24	-0.02929693432565585	-0.1319779668083552	4.169384568843118	-13.742865	38.068535	6.15043	14.8585	52.32909555634332	True	6.879645	-57.224872999999995	21.441149	-39.655376000000004	0.0	0.0	None	0.0	None	0.0	None	0.0	None	0.0	None	0.0	None	0.0	None	0.0	None	1.8571e-07	12	True
2010-08-06 18:00:00	960.9221292583801	14527991445.6431	2.2723475634418278e+23	20182115997022.688	132.14783826692965	3126585464175.4985	1.6341024548572686e+22	-5.91877360390486e+24	6359.589518206737	-0.3067704159094386	32.36461862737293	20.16725515703401	37.382880653095576	90.04710246883438	90.06212260191678	39.77070586432426	-0.0049120112354358115	5.5082457144055694e+23	-0.2148469881614222	-0.013921739970823202	2.558216057780777e+24	-0.02854927290384565	-0.1325925025268508	4.189406099816994	-13.741602	37.9576	6.151228	14.8585	52.218877479621106	True	6.8810910000000005	-57.111713	21.450726	-39.555309	66560.0	0.0	None	0.0	None	0.0	None	0.0	None	0.0	None	0.0	None	0.0	None	0.0	None	1.7570999999999998e-07	12	False
2010-08-06 18:12:00	948.057292358188	14477538019.379204	2.260179344406509e+23	19911394969276.48	143.68940092173074	1617732208752.5771	1.630732924988131e+22	-5.903382455916881e+24	6319.192066988911	-0.30703894558713163	32.126207466402214	19.94653200653498	37.25104986892831	89.58683961132498	89.62084958753721	39.3705508094749	-0.005335662863785026	5.345337823173855e+23	-0.11105413914665196	-0.01518721103664702	2.559336547974124e+24	-0.027801466384569647	-0.13311283843806726	4.200244394346891	-13.740337	37.846664	6.1520550000000025	14.8585	52.108658507226345	True	6.881576	-56.986355	21.459298999999998	-39.447315	66560.0	0.0	None	0.0	None	0.0	None	0.0	None	0.0	None	0.0	None	0.0	None	0.0	None	1.3784e-07	12	False
2010-08-06 18:24:00	942.9019593413153	14440870563.4596	2.258132771138352e+23	19542485727384.414	142.55128465686633	2124899785680.8745	1.6280134845289168e+22	-5.880594746694495e+24	6331.338076991433	-0.3066304182256296	31.84896216008522	19.746053023532923	37.15721438008847	89.97898742388458	89.78169234796738	39.34576258835817	-0.005308184124254936	4.975865369105203e+23	-0.14628448720432305	-0.015109716529453362	2.5389209059174064e+24	-0.02594553348572074	-0.13238633382462756	4.154264159969068	-13.739065	37.735733	6.1529110000000005	14.8585	51.99843962118693	True	6.877733999999999	-56.871860999999996	21.468313000000002	-39.341133	0.0	0.0	None	0.0	None	0.0	None	0.0	None	0.0	None	0.0	None	0.0	None	0.0	None	1.2857999999999998e-07	12	True
2010-08-06 18:36:00	939.6358832123938	14409016056.0519	2.2500120550431038e+23	19321200594021.363	144.0798581971644	2117107399887.4995	1.6189348218590944e+22	-5.857052389029311e+24	6371.1984890822705	-0.3060779724754867	31.62217851297467	19.40057160048135	36.97669957998369	90.4063477730892	90.12295505145651	39.40000079880736	-0.0054181655459222475	5.035882431307741e+23	-0.14719626496632968	-0.015311926571760113	2.5193595142972083e+24	-0.02631652547767376	-0.1316567448700445	4.180845326658173	-13.737745	37.624805	6.153795	14.8585	51.88817874518669	True	6.879979	-56.756165	21.475464000000002	-39.239826	0.0	0.0	None	0.0	None	0.0	None	0.0	None	0.0	None	0.0	None	0.0	None	0.0	None	1.0625e-07	12	True
2010-08-06 18:48:00	924.6790862820834	14297333396.0789	2.2282654606811864e+23	18939038177890.52	151.5543483319351	1787112189532.0552	1.6083248088908464e+22	-5.83230072399025e+24	6325.796286201028	-0.3071653031808663	31.669255661144373	19.616196652088675	36.98616487190765	89.80308376285862	89.62554763695326	38.8193097998231	-0.005713857198459325	4.9462347118596486e+23	-0.12457216288244018	-0.016218580509791355	2.4904328365670675e+24	-0.02604995449947641	-0.131161713618282	4.133382775889275	-13.736467	37.513882	6.154706	14.8585	51.77796628594392	True	6.880394	-56.641575	21.48395	-39.133419	0.0	0.0	None	0.0	None	0.0	None	0.0	None	0.0	None	0.0	None	0.0	None	0.0	None	1.0731e-07	12	True
2010-08-06 19:00:00	934.3733419170306	14248166128.075	2.2209455331369394e+23	18981559791437.7	151.13144013744102	2062623945290.681	1.5948989361524855e+22	-5.819473870870736e+24	6399.597798086143	-0.3075474809978531	31.71088537069239	20.063523649165774	37.01160271224678	90.88561980371094	90.78236682800629	38.98060239237714	-0.005783385892294544	4.745218760756397e+23	-0.14593468530908765	-0.016224390021784146	2.4819647356428633e+24	-0.02507752606226625	-0.13116684073336224	4.1396881745500975	-13.735182	37.402969	6.155643	14.8585	51.667759186672896	True	6.879434	-56.530581999999995	21.492926	-39.029415	0.0	0.0	None	0.0	None	0.0	None	0.0	None	0.0	None	0.0	None	0.0	None	0.0	None	1.0006e-07	12	True
2010-08-06 19:12:00	934.9909013138004	14238743544.3689	2.2347147585188675e+23	18792609234092.188	154.36486494749437	1165236976812.3423	1.5911166395012165e+22	-5.752665815456451e+24	6431.150994151762	-0.3042179433053826	31.689890795795502	19.74011083508504	36.87936225737647	90.84622541653877	90.64901038119444	38.730100452831344	-0.00589966997697284	4.786744568640294e+23	-0.0823392341608919	-0.016624807072320082	2.47428743877199e+24	-0.025313717753034752	-0.13084762089727475	4.122394306301671	-13.733835	37.292065	6.156604	14.8585	51.55750274947242	True	6.8768410000000015	-56.405113	21.497427	-38.925888	0.0	0.0	None	0.0	None	0.0	None	0.0	None	0.0	None	0.0	None	0.0	None	0.0	None	1.0182999999999999e-07	12	True
2010-08-06 19:24:00	916.8853353903456	14092308600.4497	2.2021595139161133e+23	18386551515094.336	146.01916892777024	1179311126617.4014	1.5612988839359913e+22	-5.740024336133863e+24	6529.1050322763585	-0.30670361064678753	31.756265782090587	20.100799307004767	37.00795357660812	91.79643225554622	91.6052534123136	38.9512098325473	-0.005749465248957367	4.795456050178255e+23	-0.08585408463440003	-0.015859176475964434	2.4220921142937563e+24	-0.025623300515103475	-0.12941833575454065	4.072642939872119	-13.732529	37.181171	6.15759	14.8585	51.4472989044824	True	6.881806	-56.293319999999994	21.488462	-38.820892	0.0	0.0	None	0.0	None	0.0	None	0.0	None	0.0	None	0.0	None	0.0	None	0.0	None	1.1236e-07	12	True
2010-08-06 19:36:00	915.7116686946193	14037520702.720402	2.198403983009172e+23	18212710155564.38	146.74992743433867	1079785037560.1056	1.5408689116172e+22	-5.698590675566746e+24	6684.848664243129	-0.3056781446370535	31.75438057904339	20.54678350765255	36.877178600520786	92.97459138036987	92.80870189924627	39.22207689608595	-0.005926177257777277	4.8015024554324916e+23	-0.0806213869683245	-0.016013318673052442	2.38861951983843e+24	-0.025755742877617564	-0.12812795735595536	4.047768286304612	-13.731210999999998	37.07029	6.158597	14.8585	51.33709908687606	True	6.883487	-56.16934200000001	21.493263	-38.718311	0.0	0.0	None	0.0	None	0.0	None	0.0	None	0.0	None	0.0	None	0.0	None	0.0	None	1.12e-07	12	True
2010-08-06 19:48:00	925.3208254893808	14075694274.978104	2.2182428713693355e+23	18369703413108.293	147.00533053657603	1340990065534.4946	1.5349006320514049e+22	-5.629864321175382e+24	6787.108992028455	-0.3011725914082697	31.52726601497242	20.2234863876473	36.823696854581506	93.39882356143409	93.05294078577356	39.68638127788753	-0.005973640966174003	4.809519494147501e+23	-0.10074670177849612	-0.016053750873581064	2.359980163651973e+24	-0.02572878078132053	-0.12624839623324832	4.072571663390804	-13.729872	36.95942700000001	6.159626	14.8585	51.226899261976264	True	6.877883	-56.05941800000001	21.497776	-38.61932	0.0	0.0	None	0.0	None	0.0	None	0.0	None	0.0	None	0.0	None	0.0	None	0.0	None	1.1067e-07	12	True
2010-08-06 20:00:00	908.9870223751559	13991086627.3386	2.222958475535037e+23	18025664319719.414	142.98151513334298	2008443039003.6145	1.5108480153257979e+22	-5.504893831815929e+24	6924.4951959914415	-0.2962680520693687	31.927700573794198	20.92830844330452	37.16039628248539	92.92428544584135	92.6684711761866	39.465807302111045	-0.005914926369641457	4.941594488140465e+23	-0.1536193664507827	-0.01576752860043432	2.3056158699403368e+24	-0.026595182720084445	-0.12408601209700625	4.080314522672034	-13.728518	36.84858300000001	6.160674	14.8585	51.116706678195584	True	6.8831130000000025	-55.93625600000001	21.503819	-38.516991	0.0	0.0	None	0.0	None	0.0	None	0.0	None	0.0	None	0.0	None	0.0	None	0.0	None	1.0669000000000001e-07	12	True
2010-08-06 20:12:00	896.9922171080173	13929371362.792604	2.214821358883005e+23	17622249583223.363	137.05894736478942	2587615128987.1885	1.490962640071616e+22	-5.473632163094769e+24	7053.207328631161	-0.2958907285471995	32.10175837215301	21.15880735884965	37.30059650554361	93.33685659091677	93.23617210749914	39.76877959200559	-0.005796529810310399	4.990592055429727e+23	-0.20233775027962173	-0.015185793431332457	2.2602398720264743e+24	-0.0269778800468036	-0.12218285820054353	4.074488597733531	-13.72714	36.737759	6.161741	14.8585	51.00651350332528	True	6.884645	-55.826626	21.49391	-38.408352	0.0	0.0	None	0.0	None	0.0	None	0.0	None	0.0	None	0.0	None	0.0	None	0.0	None	1.1061e-07	12	True
2010-08-06 20:24:00	888.2712491005403	13905773714.9822	2.220657751884216e+23	17515931423792.373	126.42581176277756	1683094832097.6284	1.475941144887614e+22	-5.423928474000975e+24	7225.189852651241	-0.2937014457489486	32.024668051991576	21.120857278658775	37.05193299628989	93.4464063317259	93.22897231364134	40.12489312245655	-0.0054632821296736345	4.952999075984298e+23	-0.13446355496129905	-0.014055292743536698	2.2198031766124047e+24	-0.02682009905519144	-0.12020058991822448	4.035104087275489	-13.725751999999998	36.626949	6.162824	14.8585	50.89632797346733	True	6.884444	-55.701202	21.497593	-38.29855	0.0	0.0	None	0.0	None	0.0	None	0.0	None	0.0	None	0.0	None	0.0	None	0.0	None	1.2306e-07	12	True
